{
  "foodItems": [
    {
      "name": "Cooked Rice (1 cup)",
      "serving": "1 cup",
      "calories": 200,
      "protein": 4,
      "iron": 0.8
    },
    {
      "name": "Lentils (1 cup cooked)",
      "serving": "1 cup",
      "calories": 230,
      "protein": 18,
      "iron": 6.6
    },
    {
      "name": "Milk (250 ml)",
      "serving": "250 ml",
      "calories": 150,
      "protein": 8,
      "iron": 0
    },
    {
      "name": "Spinach (1 cup)",
      "serving": "1 cup",
      "calories": 40,
      "protein": 2.9,
      "iron": 6.4
    }
  ],
  "meals": {}
}